{
    "DSP": {
        "FilterResolution": 2048
    },
    "GeometryReduction": {
        "GeneratePatches": 1,
        "MarchingCubesResolution": 16
    },
    "IR": {
        "GenerateIR": 0,
        "ListenerPosition": [
            1.0,
            1.2,
            1.68
        ],
        "Order": 4,
        "SourcePosition": [
            1.0,
            1.2,
            2.6
        ],
        "SurfaceAbsorption": [
            [
                0.19430774450302124,
                0.18923072516918182,
                0.15123076736927032,
                0.1738462597131729,
                0.18000002205371857,
                0.17292310297489166
            ],
            [
                0.10541553795337677,
                0.15207700431346893,
                0.1578616201877594,
                0.21196934580802917,
                0.24160000681877136,
                0.27672311663627625
            ],
            [
                0.8999999761581421,
                0.8999999761581421,
                0.8999999761581421,
                0.8999999761581421,
                0.8999999761581421,
                0.8999999761581421
            ],
            [
                0.8999999761581421,
                0.8999999761581421,
                0.8999999761581421,
                0.8999999761581421,
                0.8999999761581421,
                0.8999999761581421
            ],
            [
                0.23476921021938324,
                0.3124615550041199,
                0.30707690119743347,
                0.3252308964729309,
                0.27507704496383667,
                0.2407693862915039
            ],
            [
                0.8999999761581421,
                0.8999999761581421,
                0.8999999761581421,
                0.8999999761581421,
                0.8999999761581421,
                0.8999999761581421
            ]
        ],
        "TailLength": 0
    },
    "Scene": {
        "Dimensions": [
            2.9647066593170166,
            3.740272283554077,
            3.8750195503234863
        ],
        "SceneGraphFile": "resources/models/ConferenceRoom/Scene/SceneGraph.json"
    },
    "Threads": 30
}
